accion,threads,tiempo
Máximo,1,0.596400
Máximo,1,0.467700
Máximo,1,0.476000
Máximo,1,0.415500
Máximo,1,0.401300
Máximo,1,0.436900
Máximo,1,0.1331700
Máximo,1,0.533100
Máximo,1,0.510100
Máximo,1,0.446800
Máximo,1,0.411600
Máximo,1,0.400900
Máximo,1,0.588600
Máximo,1,0.516900
Máximo,1,0.549100
Máximo,1,0.445200
Máximo,1,0.404900
Máximo,1,0.416200
Máximo,1,0.384300
Máximo,1,0.356100
Máximo,1,0.375400
Máximo,1,0.410200
Máximo,1,0.447800
Máximo,1,0.435400
Máximo,1,0.411500
Máximo,1,0.363300
Máximo,1,0.366400
Máximo,1,0.383900
Máximo,1,0.456300
Máximo,1,0.453300
Máximo,1,0.420300
Máximo,1,0.352500
Máximo,1,0.372900
Máximo,1,0.376100
Máximo,1,0.355800
Máximo,1,0.396900
Máximo,1,0.385000
Máximo,1,0.380700
Máximo,1,0.408400
Máximo,1,0.410900
Máximo,1,0.393700
Máximo,1,0.546000
Máximo,1,0.444100
Máximo,1,0.398100
Máximo,1,0.429900
Máximo,1,0.412600
Máximo,1,0.424000
Máximo,1,0.378700
Máximo,1,0.402600
Máximo,1,0.382700
Máximo,1,0.361100
Máximo,1,0.386000
Máximo,1,0.435100
Máximo,1,0.385700
Máximo,1,0.396000
Máximo,1,0.561800
Máximo,1,0.423200
Máximo,1,0.432300
Máximo,1,0.383800
Máximo,1,0.414900
Máximo,1,0.395800
Máximo,1,0.365800
Máximo,1,0.392200
Máximo,1,0.500900
Máximo,1,0.393900
Máximo,1,0.379800
Máximo,1,0.394100
Máximo,1,0.452700
Máximo,1,0.381300
Máximo,1,0.379700
Máximo,1,0.383600
Máximo,1,0.414100
Máximo,1,0.382000
Máximo,1,0.376200
Máximo,1,0.375400
Máximo,1,0.410000
Máximo,1,0.409200
Máximo,1,0.361800
Máximo,1,0.369800
Máximo,1,0.451900
Máximo,1,0.387700
Máximo,1,0.389500
Máximo,1,0.398400
Máximo,1,0.365500
Máximo,1,0.360800
Máximo,1,0.389600
Máximo,1,0.548600
Máximo,1,0.422600
Máximo,1,0.372200
Máximo,1,0.362000
Máximo,1,0.367800
Máximo,1,0.383400
Máximo,1,0.370300
Máximo,1,0.371500
Máximo,1,0.383200
Máximo,1,0.387900
Máximo,1,0.376000
Máximo,1,0.368600
Máximo,1,0.354400
Máximo,1,0.390700
Máximo,2,0.262000
Máximo,2,0.227600
Máximo,2,0.269100
Máximo,2,0.246500
Máximo,2,0.258100
Máximo,2,0.243600
Máximo,2,0.244400
Máximo,2,0.242800
Máximo,2,0.248600
Máximo,2,0.246100
Máximo,2,0.233000
Máximo,2,0.260600
Máximo,2,0.256500
Máximo,2,0.255300
Máximo,2,0.248500
Máximo,2,0.257700
Máximo,2,0.234900
Máximo,2,0.255900
Máximo,2,0.269800
Máximo,2,0.259800
Máximo,2,0.239800
Máximo,2,0.335800
Máximo,2,0.250300
Máximo,2,0.243800
Máximo,2,0.235400
Máximo,2,0.238600
Máximo,2,0.240200
Máximo,2,0.346200
Máximo,2,0.300900
Máximo,2,0.334300
Máximo,2,0.309600
Máximo,2,0.295400
Máximo,2,0.293600
Máximo,2,0.258400
Máximo,2,0.236800
Máximo,2,0.234900
Máximo,2,0.241900
Máximo,2,0.304400
Máximo,2,0.246600
Máximo,2,0.250700
Máximo,2,0.239000
Máximo,2,0.258400
Máximo,2,0.279500
Máximo,2,0.231400
Máximo,2,0.252100
Máximo,2,0.248500
Máximo,2,0.282800
Máximo,2,0.288700
Máximo,2,0.247300
Máximo,2,0.229300
Máximo,2,0.252400
Máximo,2,0.260400
Máximo,2,0.260800
Máximo,2,0.274900
Máximo,2,0.246700
Máximo,2,0.237900
Máximo,2,0.244800
Máximo,2,0.232100
Máximo,2,0.259100
Máximo,2,0.253000
Máximo,2,0.244700
Máximo,2,0.244600
Máximo,2,0.236100
Máximo,2,0.267300
Máximo,2,0.258900
Máximo,2,0.257200
Máximo,2,0.263600
Máximo,2,0.232800
Máximo,2,0.243100
Máximo,2,0.239100
Máximo,2,0.243500
Máximo,2,0.249300
Máximo,2,0.253400
Máximo,2,0.250000
Máximo,2,0.258600
Máximo,2,0.238600
Máximo,2,0.244300
Máximo,2,0.231600
Máximo,2,0.244900
Máximo,2,0.268800
Máximo,2,0.247300
Máximo,2,0.322000
Máximo,2,0.265300
Máximo,2,0.240900
Máximo,2,0.229500
Máximo,2,0.244800
Máximo,2,0.241400
Máximo,2,0.256900
Máximo,2,0.230400
Máximo,2,0.237700
Máximo,2,0.237500
Máximo,2,0.276300
Máximo,2,0.259600
Máximo,2,0.234500
Máximo,2,0.253600
Máximo,2,0.247500
Máximo,2,0.258600
Máximo,2,0.251700
Máximo,2,0.249500
Máximo,2,0.264400
Máximo,3,0.792100
Máximo,3,0.256900
Máximo,3,0.213900
Máximo,3,0.242800
Máximo,3,0.231400
Máximo,3,0.218200
Máximo,3,0.231200
Máximo,3,0.233600
Máximo,3,0.237000
Máximo,3,0.243600
Máximo,3,0.252200
Máximo,3,0.222000
Máximo,3,0.236200
Máximo,3,0.234600
Máximo,3,0.228100
Máximo,3,0.216000
Máximo,3,0.237400
Máximo,3,0.246600
Máximo,3,0.225200
Máximo,3,0.230700
Máximo,3,0.203300
Máximo,3,0.230900
Máximo,3,0.232500
Máximo,3,0.235800
Máximo,3,0.252600
Máximo,3,0.239800
Máximo,3,0.223400
Máximo,3,0.227600
Máximo,3,0.231900
Máximo,3,0.230900
Máximo,3,0.223400
Máximo,3,0.238900
Máximo,3,0.233500
Máximo,3,0.223800
Máximo,3,0.232500
Máximo,3,0.217800
Máximo,3,0.233400
Máximo,3,0.231800
Máximo,3,0.221200
Máximo,3,0.215700
Máximo,3,0.232300
Máximo,3,0.253700
Máximo,3,0.207100
Máximo,3,0.230900
Máximo,3,0.286400
Máximo,3,0.252400
Máximo,3,0.216700
Máximo,3,0.201000
Máximo,3,0.223700
Máximo,3,0.231600
Máximo,3,0.255600
Máximo,3,0.228800
Máximo,3,0.245500
Máximo,3,0.262100
Máximo,3,0.222100
Máximo,3,0.239900
Máximo,3,0.233400
Máximo,3,0.213000
Máximo,3,0.392100
Máximo,3,0.270700
Máximo,3,0.224800
Máximo,3,0.235500
Máximo,3,0.248200
Máximo,3,0.236000
Máximo,3,0.232400
Máximo,3,0.225100
Máximo,3,0.276100
Máximo,3,0.262100
Máximo,3,0.220100
Máximo,3,0.216100
Máximo,3,0.217200
Máximo,3,0.251600
Máximo,3,0.236000
Máximo,3,0.232700
Máximo,3,0.231000
Máximo,3,0.214800
Máximo,3,0.235300
Máximo,3,0.261600
Máximo,3,0.237100
Máximo,3,0.211000
Máximo,3,0.286500
Máximo,3,0.234100
Máximo,3,0.236600
Máximo,3,0.228900
Máximo,3,0.225600
Máximo,3,0.289700
Máximo,3,0.290600
Máximo,3,0.246200
Máximo,3,0.315900
Máximo,3,0.291500
Máximo,3,0.230000
Máximo,3,0.206600
Máximo,3,0.251300
Máximo,3,0.237000
Máximo,3,0.236900
Máximo,3,0.238500
Máximo,3,0.210500
Máximo,3,0.301500
Máximo,3,0.243700
Máximo,3,0.214800
Máximo,4,0.217300
Máximo,4,0.259500
Máximo,4,0.266700
Máximo,4,0.193000
Máximo,4,0.201700
Máximo,4,0.213800
Máximo,4,0.249900
Máximo,4,0.207600
Máximo,4,0.208700
Máximo,4,0.195800
Máximo,4,0.218200
Máximo,4,0.211400
Máximo,4,0.213900
Máximo,4,0.269600
Máximo,4,0.235400
Máximo,4,0.238800
Máximo,4,0.214700
Máximo,4,0.214700
Máximo,4,0.197300
Máximo,4,0.207400
Máximo,4,0.218100
Máximo,4,0.218400
Máximo,4,0.242300
Máximo,4,0.224300
Máximo,4,0.237700
Máximo,4,0.235200
Máximo,4,0.217100
Máximo,4,0.191600
Máximo,4,0.227700
Máximo,4,0.238100
Máximo,4,0.204600
Máximo,4,0.220400
Máximo,4,0.212000
Máximo,4,0.282300
Máximo,4,0.235900
Máximo,4,0.232300
Máximo,4,0.256800
Máximo,4,0.307100
Máximo,4,0.270400
Máximo,4,0.251600
Máximo,4,0.271600
Máximo,4,0.271400
Máximo,4,0.287600
Máximo,4,0.267000
Máximo,4,0.287700
Máximo,4,0.278900
Máximo,4,0.264400
Máximo,4,0.262900
Máximo,4,0.247100
Máximo,4,0.272100
Máximo,4,0.340800
Máximo,4,0.257600
Máximo,4,0.258700
Máximo,4,0.260100
Máximo,4,0.284000
Máximo,4,0.262300
Máximo,4,0.250700
Máximo,4,0.259000
Máximo,4,0.268000
Máximo,4,0.318200
Máximo,4,0.269700
Máximo,4,0.225900
Máximo,4,0.218600
Máximo,4,0.243900
Máximo,4,0.200300
Máximo,4,0.228900
Máximo,4,0.209000
Máximo,4,0.217200
Máximo,4,0.249700
Máximo,4,0.240700
Máximo,4,0.239500
Máximo,4,0.248400
Máximo,4,0.225600
Máximo,4,0.228700
Máximo,4,0.212100
Máximo,4,0.232600
Máximo,4,0.266400
Máximo,4,0.237200
Máximo,4,0.265100
Máximo,4,0.216100
Máximo,4,0.223000
Máximo,4,0.210100
Máximo,4,0.217400
Máximo,4,0.219900
Máximo,4,0.229000
Máximo,4,0.238900
Máximo,4,0.220100
Máximo,4,0.218800
Máximo,4,0.220000
Máximo,4,0.233300
Máximo,4,0.239900
Máximo,4,0.241400
Máximo,4,0.219700
Máximo,4,0.222400
Máximo,4,0.233700
Máximo,4,0.229400
Máximo,4,0.231600
Máximo,4,0.223300
Máximo,4,0.224400
Máximo,4,0.209300
Máximo,5,0.229500
Máximo,5,0.303300
Máximo,5,0.226900
Máximo,5,0.238300
Máximo,5,0.242400
Máximo,5,0.230700
Máximo,5,0.234000
Máximo,5,0.226200
Máximo,5,0.234800
Máximo,5,0.239300
Máximo,5,0.232000
Máximo,5,0.233400
Máximo,5,0.251600
Máximo,5,0.239300
Máximo,5,0.228400
Máximo,5,0.229800
Máximo,5,0.231000
Máximo,5,0.234800
Máximo,5,0.254300
Máximo,5,0.237700
Máximo,5,0.258300
Máximo,5,0.224000
Máximo,5,0.243200
Máximo,5,0.226200
Máximo,5,0.228500
Máximo,5,0.244300
Máximo,5,0.250700
Máximo,5,0.246100
Máximo,5,0.228100
Máximo,5,0.240600
Máximo,5,0.230700
Máximo,5,0.260200
Máximo,5,0.230500
Máximo,5,0.247300
Máximo,5,0.234000
Máximo,5,0.256600
Máximo,5,0.230700
Máximo,5,0.221600
Máximo,5,0.237900
Máximo,5,0.236900
Máximo,5,0.247300
Máximo,5,0.228700
Máximo,5,0.238200
Máximo,5,0.250800
Máximo,5,0.239500
Máximo,5,0.241100
Máximo,5,0.233500
Máximo,5,0.236500
Máximo,5,0.236600
Máximo,5,0.251700
Máximo,5,0.243500
Máximo,5,0.218700
Máximo,5,0.249800
Máximo,5,0.245400
Máximo,5,0.239700
Máximo,5,0.232500
Máximo,5,0.243000
Máximo,5,0.238800
Máximo,5,0.233000
Máximo,5,0.247600
Máximo,5,0.225900
Máximo,5,0.338900
Máximo,5,0.270600
Máximo,5,0.245400
Máximo,5,0.236900
Máximo,5,0.231600
Máximo,5,0.232500
Máximo,5,0.269300
Máximo,5,0.233500
Máximo,5,0.231900
Máximo,5,0.253200
Máximo,5,0.237800
Máximo,5,0.230000
Máximo,5,0.237300
Máximo,5,0.291000
Máximo,5,0.261500
Máximo,5,0.251000
Máximo,5,0.235600
Máximo,5,0.253100
Máximo,5,0.257400
Máximo,5,0.247800
Máximo,5,0.222100
Máximo,5,0.243400
Máximo,5,0.237600
Máximo,5,0.236300
Máximo,5,0.261300
Máximo,5,0.248000
Máximo,5,0.242300
Máximo,5,0.259800
Máximo,5,0.244400
Máximo,5,0.280600
Máximo,5,0.236500
Máximo,5,0.241200
Máximo,5,0.227800
Máximo,5,0.256400
Máximo,5,0.286800
Máximo,5,0.243600
Máximo,5,0.256800
Máximo,5,0.245400
Máximo,5,0.235600
Máximo,6,0.229000
Máximo,6,0.248400
Máximo,6,0.259200
Máximo,6,0.349400
Máximo,6,0.298600
Máximo,6,0.270600
Máximo,6,0.265300
Máximo,6,0.246600
Máximo,6,0.250400
Máximo,6,0.238900
Máximo,6,0.226400
Máximo,6,0.233200
Máximo,6,0.293900
Máximo,6,0.253400
Máximo,6,0.251600
Máximo,6,0.255800
Máximo,6,0.234700
Máximo,6,0.239000
Máximo,6,0.233700
Máximo,6,0.240000
Máximo,6,0.233900
Máximo,6,0.242200
Máximo,6,0.305800
Máximo,6,0.342500
Máximo,6,0.339200
Máximo,6,0.285100
Máximo,6,0.298100
Máximo,6,0.278100
Máximo,6,0.257300
Máximo,6,0.343700
Máximo,6,0.324900
Máximo,6,0.326400
Máximo,6,0.294200
Máximo,6,0.306500
Máximo,6,0.294700
Máximo,6,0.296600
Máximo,6,0.295800
Máximo,6,0.302500
Máximo,6,0.311400
Máximo,6,0.284200
Máximo,6,0.310800
Máximo,6,0.284700
Máximo,6,0.296200
Máximo,6,0.309800
Máximo,6,0.286400
Máximo,6,0.320300
Máximo,6,0.310200
Máximo,6,0.279300
Máximo,6,0.307800
Máximo,6,0.281700
Máximo,6,0.295100
Máximo,6,0.305800
Máximo,6,0.302800
Máximo,6,0.302800
Máximo,6,0.320000
Máximo,6,0.319300
Máximo,6,0.293300
Máximo,6,0.254400
Máximo,6,0.342200
Máximo,6,0.298400
Máximo,6,0.347100
Máximo,6,0.292200
Máximo,6,0.279800
Máximo,6,0.294400
Máximo,6,0.287500
Máximo,6,0.287300
Máximo,6,0.306100
Máximo,6,0.326500
Máximo,6,0.317300
Máximo,6,0.301400
Máximo,6,0.342300
Máximo,6,0.315700
Máximo,6,0.287400
Máximo,6,0.306800
Máximo,6,0.283000
Máximo,6,0.338900
Máximo,6,0.330900
Máximo,6,0.343300
Máximo,6,0.295800
Máximo,6,0.308500
Máximo,6,0.298900
Máximo,6,0.304300
Máximo,6,0.311400
Máximo,6,0.274700
Máximo,6,0.299400
Máximo,6,0.300800
Máximo,6,0.323000
Máximo,6,0.325300
Máximo,6,0.325600
Máximo,6,0.372600
Máximo,6,0.324300
Máximo,6,0.293800
Máximo,6,0.307900
Máximo,6,0.257500
Máximo,6,0.246000
Máximo,6,0.257500
Máximo,6,0.237900
Máximo,6,0.290100
Máximo,6,0.256000
Máximo,6,0.236700
Máximo,7,0.264500
Máximo,7,0.451200
Máximo,7,0.290500
Máximo,7,0.495200
Máximo,7,0.376100
Máximo,7,0.448400
Máximo,7,0.312500
Máximo,7,0.459300
Máximo,7,0.280400
Máximo,7,0.444500
Máximo,7,0.274600
Máximo,7,0.539300
Máximo,7,0.319700
Máximo,7,0.507900
Máximo,7,0.281200
Máximo,7,0.452500
Máximo,7,0.316400
Máximo,7,0.468100
Máximo,7,0.269000
Máximo,7,0.463600
Máximo,7,0.352300
Máximo,7,0.566500
Máximo,7,0.287600
Máximo,7,0.477300
Máximo,7,0.270500
Máximo,7,0.480300
Máximo,7,0.396600
Máximo,7,0.443300
Máximo,7,0.386000
Máximo,7,0.619100
Máximo,7,0.277200
Máximo,7,0.440600
Máximo,7,0.385300
Máximo,7,0.453100
Máximo,7,0.393700
Máximo,7,0.474000
Máximo,7,0.280800
Máximo,7,0.471700
Máximo,7,0.286900
Máximo,7,0.459900
Máximo,7,0.284200
Máximo,7,0.441300
Máximo,7,0.299400
Máximo,7,0.434400
Máximo,7,0.300600
Máximo,7,0.452200
Máximo,7,0.352300
Máximo,7,0.452000
Máximo,7,0.374300
Máximo,7,0.457800
Máximo,7,0.265200
Máximo,7,0.445400
Máximo,7,0.268000
Máximo,7,0.462200
Máximo,7,0.280600
Máximo,7,0.532000
Máximo,7,0.276000
Máximo,7,0.440300
Máximo,7,0.261100
Máximo,7,0.458700
Máximo,7,0.286800
Máximo,7,0.469400
Máximo,7,0.275700
Máximo,7,0.557000
Máximo,7,0.401800
Máximo,7,0.453500
Máximo,7,0.259300
Máximo,7,0.442200
Máximo,7,0.277300
Máximo,7,0.451000
Máximo,7,0.372700
Máximo,7,0.462400
Máximo,7,0.361900
Máximo,7,0.445700
Máximo,7,0.292600
Máximo,7,0.433500
Máximo,7,0.262400
Máximo,7,0.461800
Máximo,7,0.267700
Máximo,7,0.567300
Máximo,7,0.292300
Máximo,7,0.452300
Máximo,7,0.253600
Máximo,7,0.456300
Máximo,7,0.348600
Máximo,7,0.493400
Máximo,7,0.276400
Máximo,7,0.526300
Máximo,7,0.280200
Máximo,7,0.447700
Máximo,7,0.263300
Máximo,7,0.433000
Máximo,7,0.273200
Máximo,7,0.524600
Máximo,7,0.393800
Máximo,7,0.454400
Máximo,7,0.289500
Máximo,7,0.483000
Máximo,7,0.262600
Máximo,7,0.451100
Máximo,8,0.300600
Máximo,8,0.478700
Máximo,8,0.317700
Máximo,8,0.482200
Máximo,8,0.471200
Máximo,8,0.484300
Máximo,8,0.306200
Máximo,8,0.479400
Máximo,8,0.348000
Máximo,8,0.559700
Máximo,8,0.302800
Máximo,8,0.589200
Máximo,8,0.465300
Máximo,8,0.603100
Máximo,8,0.316700
Máximo,8,0.508600
Máximo,8,0.329500
Máximo,8,0.536900
Máximo,8,0.309800
Máximo,8,0.632300
Máximo,8,0.360600
Máximo,8,0.472800
Máximo,8,0.326200
Máximo,8,0.496100
Máximo,8,0.310000
Máximo,8,0.582400
Máximo,8,0.316300
Máximo,8,0.504300
Máximo,8,0.387800
Máximo,8,0.494700
Máximo,8,0.291000
Máximo,8,0.492900
Máximo,8,0.409100
Máximo,8,0.490700
Máximo,8,0.302100
Máximo,8,0.480700
Máximo,8,0.286100
Máximo,8,0.480100
Máximo,8,0.306000
Máximo,8,0.514000
Máximo,8,0.321300
Máximo,8,0.451300
Máximo,8,0.310300
Máximo,8,0.465000
Máximo,8,0.306800
Máximo,8,0.546300
Máximo,8,0.315600
Máximo,8,0.555100
Máximo,8,0.314200
Máximo,8,0.489700
Máximo,8,0.314100
Máximo,8,0.468900
Máximo,8,0.297200
Máximo,8,0.485300
Máximo,8,0.333800
Máximo,8,0.485300
Máximo,8,0.307600
Máximo,8,0.476700
Máximo,8,0.295700
Máximo,8,0.472600
Máximo,8,0.312500
Máximo,8,0.466200
Máximo,8,0.334200
Máximo,8,0.501500
Máximo,8,0.333000
Máximo,8,0.559200
Máximo,8,0.295700
Máximo,8,0.460500
Máximo,8,0.303400
Máximo,8,0.472700
Máximo,8,0.302000
Máximo,8,0.516100
Máximo,8,0.305100
Máximo,8,0.484100
Máximo,8,0.285600
Máximo,8,0.460500
Máximo,8,0.308700
Máximo,8,0.482000
Máximo,8,0.313600
Máximo,8,0.607100
Máximo,8,0.313200
Máximo,8,0.568100
Máximo,8,0.306300
Máximo,8,0.561700
Máximo,8,0.295300
Máximo,8,0.585000
Máximo,8,0.304100
Máximo,8,0.575900
Máximo,8,0.308300
Máximo,8,0.466800
Máximo,8,0.311900
Máximo,8,0.464600
Máximo,8,0.309900
Máximo,8,0.484600
Máximo,8,0.301000
Máximo,8,0.496100
Máximo,8,0.379900
Máximo,8,0.496200
Máximo,8,0.414000
Máximo,8,0.510400
Máximo,9,0.445400
Máximo,9,0.540200
Máximo,9,0.362700
Máximo,9,0.555100
Máximo,9,0.350500
Máximo,9,0.543300
Máximo,9,0.347000
Máximo,9,0.560600
Máximo,9,0.324300
Máximo,9,0.522300
Máximo,9,0.334500
Máximo,9,0.526500
Máximo,9,0.340200
Máximo,9,0.517600
Máximo,9,0.395900
Máximo,9,0.536900
Máximo,9,0.321000
Máximo,9,0.623800
Máximo,9,0.338600
Máximo,9,0.518400
Máximo,9,0.422100
Máximo,9,0.501800
Máximo,9,0.478900
Máximo,9,0.628500
Máximo,9,0.342700
Máximo,9,0.507100
Máximo,9,0.319700
Máximo,9,0.507300
Máximo,9,0.384800
Máximo,9,0.602700
Máximo,9,0.368300
Máximo,9,0.546800
Máximo,9,0.371900
Máximo,9,0.524200
Máximo,9,0.369500
Máximo,9,0.543000
Máximo,9,0.359500
Máximo,9,0.502100
Máximo,9,0.359300
Máximo,9,0.546500
Máximo,9,0.356800
Máximo,9,0.648800
Máximo,9,0.356300
Máximo,9,0.488900
Máximo,9,0.348900
Máximo,9,0.569400
Máximo,9,0.366500
Máximo,9,0.576000
Máximo,9,0.332800
Máximo,9,0.506500
Máximo,9,0.364200
Máximo,9,0.656600
Máximo,9,0.360600
Máximo,9,0.571200
Máximo,9,0.347100
Máximo,9,0.557400
Máximo,9,0.460300
Máximo,9,0.547200
Máximo,9,0.333800
Máximo,9,0.521700
Máximo,9,0.465300
Máximo,9,0.530300
Máximo,9,0.473900
Máximo,9,0.529600
Máximo,9,0.344500
Máximo,9,0.505800
Máximo,9,0.337700
Máximo,9,0.576900
Máximo,9,0.383100
Máximo,9,0.636200
Máximo,9,0.355800
Máximo,9,0.557000
Máximo,9,0.327000
Máximo,9,0.561800
Máximo,9,0.351800
Máximo,9,0.540500
Máximo,9,0.461300
Máximo,9,0.625000
Máximo,9,0.398300
Máximo,9,0.616700
Máximo,9,0.369700
Máximo,9,0.761800
Máximo,9,0.284800
Máximo,9,0.520000
Máximo,9,0.321500
Máximo,9,0.530200
Máximo,9,0.360300
Máximo,9,0.580500
Máximo,9,0.336600
Máximo,9,0.640500
Máximo,9,0.351500
Máximo,9,0.488600
Máximo,9,0.345200
Máximo,9,0.645200
Máximo,9,0.413800
Máximo,9,0.592700
Máximo,9,0.349100
Máximo,9,0.517600
Máximo,9,0.397000
Máximo,9,0.539300
Máximo,10,0.568000
Máximo,10,0.586500
Máximo,10,0.586600
Máximo,10,0.712100
Máximo,10,0.579600
Máximo,10,0.529300
Máximo,10,0.563800
Máximo,10,0.589500
Máximo,10,0.600000
Máximo,10,0.590200
Máximo,10,0.570600
Máximo,10,0.574600
Máximo,10,0.626300
Máximo,10,0.572600
Máximo,10,0.648900
Máximo,10,0.568000
Máximo,10,0.607600
Máximo,10,0.589000
Máximo,10,0.550300
Máximo,10,0.576000
Máximo,10,0.585100
Máximo,10,0.600400
Máximo,10,0.616900
Máximo,10,0.582400
Máximo,10,0.580100
Máximo,10,0.585400
Máximo,10,0.547900
Máximo,10,0.568400
Máximo,10,0.704200
Máximo,10,0.573300
Máximo,10,0.573500
Máximo,10,0.579600
Máximo,10,0.562700
Máximo,10,0.584300
Máximo,10,0.587500
Máximo,10,0.560900
Máximo,10,0.627300
Máximo,10,0.583800
Máximo,10,0.574800
Máximo,10,0.577300
Máximo,10,0.587000
Máximo,10,0.658400
Máximo,10,0.581300
Máximo,10,0.709800
Máximo,10,0.575200
Máximo,10,0.588700
Máximo,10,0.546500
Máximo,10,0.569800
Máximo,10,0.596800
Máximo,10,0.588400
Máximo,10,0.644200
Máximo,10,0.609000
Máximo,10,0.589800
Máximo,10,0.568200
Máximo,10,0.668300
Máximo,10,0.597500
Máximo,10,0.581100
Máximo,10,0.654600
Máximo,10,0.654600
Máximo,10,0.659000
Máximo,10,0.581400
Máximo,10,0.594100
Máximo,10,0.686400
Máximo,10,0.591000
Máximo,10,0.640300
Máximo,10,0.568600
Máximo,10,0.575200
Máximo,10,0.582000
Máximo,10,0.568700
Máximo,10,0.525800
Máximo,10,0.579300
Máximo,10,0.590100
Máximo,10,0.574700
Máximo,10,0.583900
Máximo,10,0.590600
Máximo,10,0.575600
Máximo,10,0.705500
Máximo,10,0.588000
Máximo,10,0.603300
Máximo,10,0.610500
Máximo,10,0.567900
Máximo,10,0.690000
Máximo,10,0.606100
Máximo,10,0.577800
Máximo,10,0.605700
Máximo,10,0.593600
Máximo,10,0.569900
Máximo,10,0.560200
Máximo,10,0.695700
Máximo,10,0.696500
Máximo,10,0.574500
Máximo,10,0.634000
Máximo,10,0.595100
Máximo,10,0.581200
Máximo,10,0.585900
Máximo,10,0.573200
Máximo,10,0.575900
Máximo,10,0.665800
Máximo,10,0.588200
Máximo,10,0.603800
Máximo,11,0.580800
Máximo,11,0.605500
Máximo,11,0.756700
Máximo,11,0.615600
Máximo,11,0.786500
Máximo,11,0.729300
Máximo,11,0.832300
Máximo,11,0.627200
Máximo,11,0.783300
Máximo,11,0.631700
Máximo,11,0.890600
Máximo,11,0.649000
Máximo,11,0.969900
Máximo,11,0.651800
Máximo,11,0.764200
Máximo,11,0.600000
Máximo,11,0.780200
Máximo,11,0.608200
Máximo,11,0.903900
Máximo,11,0.641100
Máximo,11,0.793500
Máximo,11,0.597800
Máximo,11,0.787900
Máximo,11,0.2115300
Máximo,11,0.816600
Máximo,11,0.699200
Máximo,11,0.895100
Máximo,11,0.647300
Máximo,11,0.788500
Máximo,11,0.609900
Máximo,11,0.804700
Máximo,11,0.598000
Máximo,11,0.816500
Máximo,11,0.616600
Máximo,11,0.799300
Máximo,11,0.597200
Máximo,11,0.791700
Máximo,11,0.633700
Máximo,11,0.773200
Máximo,11,0.626600
Máximo,11,0.794200
Máximo,11,0.725600
Máximo,11,0.831900
Máximo,11,0.620100
Máximo,11,0.849300
Máximo,11,0.638900
Máximo,11,0.794500
Máximo,11,0.628600
Máximo,11,0.786100
Máximo,11,0.622400
Máximo,11,0.781000
Máximo,11,0.682300
Máximo,11,0.784700
Máximo,11,0.626100
Máximo,11,0.774300
Máximo,11,0.634400
Máximo,11,0.818400
Máximo,11,0.623100
Máximo,11,0.805500
Máximo,11,0.616500
Máximo,11,0.787400
Máximo,11,0.617200
Máximo,11,0.811300
Máximo,11,0.605700
Máximo,11,0.806900
Máximo,11,0.641800
Máximo,11,0.806900
Máximo,11,0.628100
Máximo,11,0.774600
Máximo,11,0.591300
Máximo,11,0.802100
Máximo,11,0.625500
Máximo,11,0.786000
Máximo,11,0.607600
Máximo,11,0.809900
Máximo,11,0.720300
Máximo,11,0.804200
Máximo,11,0.637100
Máximo,11,0.871800
Máximo,11,0.705200
Máximo,11,0.964200
Máximo,11,0.659200
Máximo,11,0.782200
Máximo,11,0.637000
Máximo,11,0.794700
Máximo,11,0.638100
Máximo,11,0.788500
Máximo,11,0.680200
Máximo,11,0.806400
Máximo,11,0.616100
Máximo,11,0.778100
Máximo,11,0.626600
Máximo,11,0.892700
Máximo,11,0.602100
Máximo,11,0.766100
Máximo,11,0.619800
Máximo,11,0.811300
Máximo,11,0.602200
Máximo,11,0.809700
Máximo,11,0.627700
Máximo,12,0.809900
Máximo,12,0.704400
Máximo,12,0.978300
Máximo,12,0.735500
Máximo,12,0.824900
Máximo,12,0.785800
Máximo,12,0.826200
Máximo,12,0.650500
Máximo,12,0.858100
Máximo,12,0.685000
Máximo,12,0.833000
Máximo,12,0.662900
Máximo,12,0.930200
Máximo,12,0.687400
Máximo,12,0.830300
Máximo,12,0.687300
Máximo,12,0.814500
Máximo,12,0.671700
Máximo,12,0.831200
Máximo,12,0.667700
Máximo,12,0.894300
Máximo,12,0.799300
Máximo,12,0.847800
Máximo,12,0.665300
Máximo,12,0.820500
Máximo,12,0.808900
Máximo,12,0.815400
Máximo,12,0.682100
Máximo,12,0.917500
Máximo,12,0.762500
Máximo,12,0.852500
Máximo,12,0.656100
Máximo,12,0.833300
Máximo,12,0.652500
Máximo,12,0.983200
Máximo,12,0.632600
Máximo,12,0.837900
Máximo,12,0.646500
Máximo,12,0.805500
Máximo,12,0.641900
Máximo,12,0.958400
Máximo,12,0.748200
Máximo,12,0.831400
Máximo,12,0.652300
Máximo,12,0.819500
Máximo,12,0.673900
Máximo,12,0.835300
Máximo,12,0.714800
Máximo,12,0.857900
Máximo,12,0.664100
Máximo,12,0.872400
Máximo,12,0.643500
Máximo,12,0.812900
Máximo,12,0.637200
Máximo,12,0.838000
Máximo,12,0.670700
Máximo,12,0.914200
Máximo,12,0.637000
Máximo,12,0.799800
Máximo,12,0.805000
Máximo,12,0.824800
Máximo,12,0.682100
Máximo,12,0.860900
Máximo,12,0.810600
Máximo,12,0.817900
Máximo,12,0.667100
Máximo,12,0.795600
Máximo,12,0.678400
Máximo,12,0.844800
Máximo,12,0.655200
Máximo,12,0.858200
Máximo,12,0.643000
Máximo,12,0.808700
Máximo,12,0.652800
Máximo,12,0.886600
Máximo,12,0.668400
Máximo,12,0.829300
Máximo,12,0.706400
Máximo,12,0.805900
Máximo,12,0.653100
Máximo,12,0.882000
Máximo,12,0.649400
Máximo,12,0.825700
Máximo,12,0.668600
Máximo,12,0.775300
Máximo,12,0.678900
Máximo,12,0.854900
Máximo,12,0.684900
Máximo,12,0.856700
Máximo,12,0.645800
Máximo,12,0.805500
Máximo,12,0.678100
Máximo,12,0.831300
Máximo,12,0.604000
Máximo,12,0.924900
Máximo,12,0.669500
Máximo,12,0.826500
Máximo,12,0.655900
Máximo,12,0.826300
Máximo,12,0.667800
Máximo,13,0.972000
Máximo,13,0.675600
Máximo,13,0.927100
Máximo,13,0.795200
Máximo,13,0.862700
Máximo,13,0.658800
Máximo,13,0.868300
Máximo,13,0.698200
Máximo,13,0.882800
Máximo,13,0.745800
Máximo,13,0.985400
Máximo,13,0.1626300
Máximo,13,0.907500
Máximo,13,0.673900
Máximo,13,0.875000
Máximo,13,0.805400
Máximo,13,0.869400
Máximo,13,0.679700
Máximo,13,0.926000
Máximo,13,0.661200
Máximo,13,0.937100
Máximo,13,0.708900
Máximo,13,0.869900
Máximo,13,0.661200
Máximo,13,0.864600
Máximo,13,0.667400
Máximo,13,0.860600
Máximo,13,0.671200
Máximo,13,0.916300
Máximo,13,0.684400
Máximo,13,0.876300
Máximo,13,0.664600
Máximo,13,0.851400
Máximo,13,0.672000
Máximo,13,0.866400
Máximo,13,0.665300
Máximo,13,0.877700
Máximo,13,0.784800
Máximo,13,0.888200
Máximo,13,0.704800
Máximo,13,0.1059800
Máximo,13,0.678100
Máximo,13,0.880400
Máximo,13,0.679200
Máximo,13,0.838000
Máximo,13,0.680900
Máximo,13,0.858900
Máximo,13,0.696100
Máximo,13,0.878800
Máximo,13,0.684600
Máximo,13,0.866900
Máximo,13,0.705400
Máximo,13,0.891000
Máximo,13,0.738800
Máximo,13,0.918500
Máximo,13,0.691800
Máximo,13,0.930300
Máximo,13,0.682300
Máximo,13,0.987100
Máximo,13,0.780900
Máximo,13,0.886700
Máximo,13,0.682400
Máximo,13,0.872600
Máximo,13,0.709100
Máximo,13,0.860300
Máximo,13,0.671700
Máximo,13,0.864900
Máximo,13,0.703600
Máximo,13,0.865400
Máximo,13,0.672500
Máximo,13,0.961500
Máximo,13,0.720000
Máximo,13,0.894300
Máximo,13,0.757900
Máximo,13,0.892800
Máximo,13,0.677000
Máximo,13,0.868000
Máximo,13,0.682700
Máximo,13,0.863700
Máximo,13,0.651400
Máximo,13,0.880100
Máximo,13,0.712700
Máximo,13,0.844800
Máximo,13,0.667300
Máximo,13,0.854700
Máximo,13,0.655700
Máximo,13,0.854900
Máximo,13,0.690500
Máximo,13,0.866400
Máximo,13,0.691900
Máximo,13,0.869800
Máximo,13,0.686400
Máximo,13,0.873200
Máximo,13,0.691500
Máximo,13,0.960800
Máximo,13,0.687000
Máximo,13,0.840900
Máximo,13,0.655700
Máximo,13,0.888700
Máximo,13,0.689400
Máximo,14,0.961300
Máximo,14,0.905600
Máximo,14,0.735400
Máximo,14,0.1555200
Máximo,14,0.759000
Máximo,14,0.916600
Máximo,14,0.798600
Máximo,14,0.892800
Máximo,14,0.806200
Máximo,14,0.885300
Máximo,14,0.757700
Máximo,14,0.1020700
Máximo,14,0.722000
Máximo,14,0.960300
Máximo,14,0.743200
Máximo,14,0.956500
Máximo,14,0.730300
Máximo,14,0.916600
Máximo,14,0.709200
Máximo,14,0.934500
Máximo,14,0.718100
Máximo,14,0.939300
Máximo,14,0.788900
Máximo,14,0.881100
Máximo,14,0.694300
Máximo,14,0.914300
Máximo,14,0.711200
Máximo,14,0.896100
Máximo,14,0.720400
Máximo,14,0.965700
Máximo,14,0.702800
Máximo,14,0.907600
Máximo,14,0.736000
Máximo,14,0.903600
Máximo,14,0.831200
Máximo,14,0.890800
Máximo,14,0.732100
Máximo,14,0.897800
Máximo,14,0.770000
Máximo,14,0.930200
Máximo,14,0.728900
Máximo,14,0.854300
Máximo,14,0.776800
Máximo,14,0.915500
Máximo,14,0.705500
Máximo,14,0.968600
Máximo,14,0.750400
Máximo,14,0.911300
Máximo,14,0.879900
Máximo,14,0.930900
Máximo,14,0.696300
Máximo,14,0.923300
Máximo,14,0.766200
Máximo,14,0.913700
Máximo,14,0.691500
Máximo,14,0.898100
Máximo,14,0.734500
Máximo,14,0.906700
Máximo,14,0.723900
Máximo,14,0.914400
Máximo,14,0.857500
Máximo,14,0.892500
Máximo,14,0.748300
Máximo,14,0.892600
Máximo,14,0.724500
Máximo,14,0.898600
Máximo,14,0.812800
Máximo,14,0.998400
Máximo,14,0.734400
Máximo,14,0.1025000
Máximo,14,0.753700
Máximo,14,0.988000
Máximo,14,0.703400
Máximo,14,0.945800
Máximo,14,0.741800
Máximo,14,0.919700
Máximo,14,0.717300
Máximo,14,0.936300
Máximo,14,0.752600
Máximo,14,0.888000
Máximo,14,0.716000
Máximo,14,0.1018800
Máximo,14,0.727300
Máximo,14,0.916900
Máximo,14,0.854400
Máximo,14,0.899300
Máximo,14,0.711900
Máximo,14,0.890000
Máximo,14,0.738300
Máximo,14,0.932800
Máximo,14,0.835300
Máximo,14,0.926500
Máximo,14,0.731900
Máximo,14,0.964800
Máximo,14,0.721100
Máximo,14,0.892200
Máximo,14,0.897400
Máximo,14,0.919400
Máximo,14,0.723600
Máximo,14,0.958300
Máximo,15,0.758400
Máximo,15,0.936900
Máximo,15,0.888100
Máximo,15,0.956100
Máximo,15,0.795400
Máximo,15,0.949300
Máximo,15,0.806200
Máximo,15,0.945200
Máximo,15,0.834400
Máximo,15,0.961100
Máximo,15,0.747100
Máximo,15,0.1006300
Máximo,15,0.907900
Máximo,15,0.931900
Máximo,15,0.752800
Máximo,15,0.979300
Máximo,15,0.754000
Máximo,15,0.915800
Máximo,15,0.779400
Máximo,15,0.976100
Máximo,15,0.860800
Máximo,15,0.930000
Máximo,15,0.769200
Máximo,15,0.943400
Máximo,15,0.766700
Máximo,15,0.911200
Máximo,15,0.806400
Máximo,15,0.1062400
Máximo,15,0.778200
Máximo,15,0.941600
Máximo,15,0.766500
Máximo,15,0.894600
Máximo,15,0.798200
Máximo,15,0.1035200
Máximo,15,0.852600
Máximo,15,0.938700
Máximo,15,0.751300
Máximo,15,0.935700
Máximo,15,0.916000
Máximo,15,0.925600
Máximo,15,0.762400
Máximo,15,0.929000
Máximo,15,0.836400
Máximo,15,0.951900
Máximo,15,0.819100
Máximo,15,0.934700
Máximo,15,0.828900
Máximo,15,0.929600
Máximo,15,0.785800
Máximo,15,0.1156300
Máximo,15,0.801800
Máximo,15,0.915400
Máximo,15,0.839500
Máximo,15,0.1103500
Máximo,15,0.897800
Máximo,15,0.990400
Máximo,15,0.791100
Máximo,15,0.956500
Máximo,15,0.760100
Máximo,15,0.943600
Máximo,15,0.820000
Máximo,15,0.964400
Máximo,15,0.758700
Máximo,15,0.920200
Máximo,15,0.786300
Máximo,15,0.1029300
Máximo,15,0.762600
Máximo,15,0.918900
Máximo,15,0.781000
Máximo,15,0.942700
Máximo,15,0.756100
Máximo,15,0.951600
Máximo,15,0.783500
Máximo,15,0.950400
Máximo,15,0.785000
Máximo,15,0.915000
Máximo,15,0.755000
Máximo,15,0.950400
Máximo,15,0.757600
Máximo,15,0.1071700
Máximo,15,0.758800
Máximo,15,0.934600
Máximo,15,0.747300
Máximo,15,0.1082700
Máximo,15,0.783600
Máximo,15,0.969400
Máximo,15,0.781100
Máximo,15,0.927800
Máximo,15,0.769900
Máximo,15,0.1024700
Máximo,15,0.781100
Máximo,15,0.897400
Máximo,15,0.772100
Máximo,15,0.951200
Máximo,15,0.745800
Máximo,15,0.963200
Máximo,15,0.822300
Máximo,15,0.947500
Máximo,15,0.846100
Máximo,15,0.937300
Máximo,16,0.802700
Máximo,16,0.995300
Máximo,16,0.1027000
Máximo,16,0.991400
Máximo,16,0.807400
Máximo,16,0.994200
Máximo,16,0.790700
Máximo,16,0.1002900
Máximo,16,0.829600
Máximo,16,0.1110700
Máximo,16,0.1060800
Máximo,16,0.987600
Máximo,16,0.802800
Máximo,16,0.1091600
Máximo,16,0.826600
Máximo,16,0.1029400
Máximo,16,0.799600
Máximo,16,0.941700
Máximo,16,0.799400
Máximo,16,0.971700
Máximo,16,0.850900
Máximo,16,0.975400
Máximo,16,0.844900
Máximo,16,0.1135900
Máximo,16,0.796800
Máximo,16,0.1002000
Máximo,16,0.801900
Máximo,16,0.1068700
Máximo,16,0.811500
Máximo,16,0.1021200
Máximo,16,0.811700
Máximo,16,0.990500
Máximo,16,0.781200
Máximo,16,0.1047400
Máximo,16,0.846900
Máximo,16,0.999400
Máximo,16,0.785900
Máximo,16,0.1020100
Máximo,16,0.786800
Máximo,16,0.982600
Máximo,16,0.809700
Máximo,16,0.997300
Máximo,16,0.806900
Máximo,16,0.1055200
Máximo,16,0.803800
Máximo,16,0.983200
Máximo,16,0.817800
Máximo,16,0.1137700
Máximo,16,0.865300
Máximo,16,0.1054800
Máximo,16,0.930900
Máximo,16,0.1147600
Máximo,16,0.864700
Máximo,16,0.1057700
Máximo,16,0.858100
Máximo,16,0.1041300
Máximo,16,0.1064300
Máximo,16,0.1114100
Máximo,16,0.858800
Máximo,16,0.1042300
Máximo,16,0.929400
Máximo,16,0.1065100
Máximo,16,0.966100
Máximo,16,0.1067100
Máximo,16,0.952200
Máximo,16,0.994100
Máximo,16,0.818200
Máximo,16,0.979400
Máximo,16,0.799900
Máximo,16,0.982400
Máximo,16,0.826700
Máximo,16,0.1002000
Máximo,16,0.807900
Máximo,16,0.1069800
Máximo,16,0.789400
Máximo,16,0.979300
Máximo,16,0.813300
Máximo,16,0.1049200
Máximo,16,0.799400
Máximo,16,0.995400
Máximo,16,0.800200
Máximo,16,0.1024600
Máximo,16,0.836900
Máximo,16,0.972200
Máximo,16,0.798500
Máximo,16,0.1007800
Máximo,16,0.818800
Máximo,16,0.1034700
Máximo,16,0.819500
Máximo,16,0.994000
Máximo,16,0.960600
Máximo,16,0.1150800
Máximo,16,0.856600
Máximo,16,0.1044900
Máximo,16,0.799400
Máximo,16,0.1167600
Máximo,16,0.884600
Máximo,16,0.1142700
Máximo,16,0.833600
Máximo,16,0.1070100
Máximo,17,0.1579800
Máximo,17,0.1118500
Máximo,17,0.1245100
Máximo,17,0.1109500
Máximo,17,0.1175300
Máximo,17,0.1072600
Máximo,17,0.1085000
Máximo,17,0.1059800
Máximo,17,0.1080000
Máximo,17,0.1144500
Máximo,17,0.1114400
Máximo,17,0.1039800
Máximo,17,0.1020700
Máximo,17,0.1126500
Máximo,17,0.1079500
Máximo,17,0.1169500
Máximo,17,0.1003000
Máximo,17,0.1086900
Máximo,17,0.1072800
Máximo,17,0.1143400
Máximo,17,0.1038000
Máximo,17,0.1184300
Máximo,17,0.1407500
Máximo,17,0.1478900
Máximo,17,0.1199000
Máximo,17,0.3283200
Máximo,17,0.1406100
Máximo,17,0.1756700
Máximo,17,0.1624200
Máximo,17,0.1596600
Máximo,17,0.1308800
Máximo,17,0.1414400
Máximo,17,0.2466100
Máximo,17,0.1483800
Máximo,17,0.1431600
Máximo,17,0.1726700
Máximo,17,0.1182600
Máximo,17,0.1277500
Máximo,17,0.1124000
Máximo,17,0.1121200
Máximo,17,0.1193400
Máximo,17,0.1113500
Máximo,17,0.1179800
Máximo,17,0.1166200
Máximo,17,0.1170500
Máximo,17,0.1144600
Máximo,17,0.1188300
Máximo,17,0.1389000
Máximo,17,0.1224200
Máximo,17,0.1333800
Máximo,17,0.2162000
Máximo,17,0.1576100
Máximo,17,0.1381700
Máximo,17,0.4357100
Máximo,17,0.2707700
Máximo,17,0.2297200
Máximo,17,0.1551800
Máximo,17,0.1244400
Máximo,17,0.1240300
Máximo,17,0.1730100
Máximo,17,0.1391200
Máximo,17,0.1561300
Máximo,17,0.1220000
Máximo,17,0.1087300
Máximo,17,0.1446500
Máximo,17,0.1655300
Máximo,17,0.1237900
Máximo,17,0.1190800
Máximo,17,0.1270000
Máximo,17,0.1489800
Máximo,17,0.1070300
Máximo,17,0.1083700
Máximo,17,0.1198800
Máximo,17,0.1207700
Máximo,17,0.1541600
Máximo,17,0.1416400
Máximo,17,0.1624400
Máximo,17,0.1525500
Máximo,17,0.1153300
Máximo,17,0.1105200
Máximo,17,0.1095600
Máximo,17,0.1175300
Máximo,17,0.1040300
Máximo,17,0.1083400
Máximo,17,0.1075100
Máximo,17,0.1054500
Máximo,17,0.1075400
Máximo,17,0.1213500
Máximo,17,0.1056300
Máximo,17,0.1198500
Máximo,17,0.1132600
Máximo,17,0.1210100
Máximo,17,0.1118600
Máximo,17,0.1071800
Máximo,17,0.1076100
Máximo,17,0.1150400
Máximo,17,0.1098500
Máximo,17,0.1274300
Máximo,17,0.1081900
Máximo,17,0.1013200
Máximo,18,0.1647100
Máximo,18,0.1453300
Máximo,18,0.1347500
Máximo,18,0.1127900
Máximo,18,0.1224900
Máximo,18,0.1698600
Máximo,18,0.1335500
Máximo,18,0.1200400
Máximo,18,0.1371700
Máximo,18,0.1155900
Máximo,18,0.1809600
Máximo,18,0.1148800
Máximo,18,0.1227200
Máximo,18,0.1094100
Máximo,18,0.1239200
Máximo,18,0.1184200
Máximo,18,0.1578600
Máximo,18,0.1173400
Máximo,18,0.1307100
Máximo,18,0.1138000
Máximo,18,0.1436000
Máximo,18,0.1276300
Máximo,18,0.1439200
Máximo,18,0.1097200
Máximo,18,0.1231200
Máximo,18,0.1238900
Máximo,18,0.1281100
Máximo,18,0.1169900
Máximo,18,0.1433400
Máximo,18,0.1087400
Máximo,18,0.1508600
Máximo,18,0.1500500
Máximo,18,0.1307000
Máximo,18,0.1474500
Máximo,18,0.1336800
Máximo,18,0.1286200
Máximo,18,0.2217300
Máximo,18,0.1282500
Máximo,18,0.1221600
Máximo,18,0.1094600
Máximo,18,0.1599700
Máximo,18,0.2003800
Máximo,18,0.1405100
Máximo,18,0.1177500
Máximo,18,0.1291900
Máximo,18,0.1233200
Máximo,18,0.1394100
Máximo,18,0.1077800
Máximo,18,0.1416600
Máximo,18,0.1124200
Máximo,18,0.1530900
Máximo,18,0.1130700
Máximo,18,0.1265400
Máximo,18,0.1070000
Máximo,18,0.1256300
Máximo,18,0.1200700
Máximo,18,0.1378800
Máximo,18,0.1081000
Máximo,18,0.1230000
Máximo,18,0.1134700
Máximo,18,0.1429600
Máximo,18,0.1468700
Máximo,18,0.1434700
Máximo,18,0.1259100
Máximo,18,0.1285300
Máximo,18,0.1206400
Máximo,18,0.1642500
Máximo,18,0.1241100
Máximo,18,0.2313700
Máximo,18,0.1092400
Máximo,18,0.1666400
Máximo,18,0.1426400
Máximo,18,0.1421000
Máximo,18,0.1144900
Máximo,18,0.1241900
Máximo,18,0.1283800
Máximo,18,0.2466500
Máximo,18,0.1114300
Máximo,18,0.1324300
Máximo,18,0.1443300
Máximo,18,0.1474200
Máximo,18,0.1080000
Máximo,18,0.1229100
Máximo,18,0.1414500
Máximo,18,0.1600800
Máximo,18,0.2437100
Máximo,18,0.1266300
Máximo,18,0.1069300
Máximo,18,0.1228400
Máximo,18,0.1100100
Máximo,18,0.1418100
Máximo,18,0.1240200
Máximo,18,0.1224200
Máximo,18,0.1683100
Máximo,18,0.1802400
Máximo,18,0.1603300
Máximo,18,0.2254300
Máximo,18,0.1219700
Máximo,18,0.2037400
Máximo,18,0.1240400
Máximo,19,0.1626300
Máximo,19,0.1923300
Máximo,19,0.1921800
Máximo,19,0.2265800
Máximo,19,0.1711700
Máximo,19,0.1835000
Máximo,19,0.1652400
Máximo,19,0.1459500
Máximo,19,0.1769400
Máximo,19,0.1275400
Máximo,19,0.1385700
Máximo,19,0.1098000
Máximo,19,0.1521600
Máximo,19,0.1297700
Máximo,19,0.2247700
Máximo,19,0.1187400
Máximo,19,0.1334200
Máximo,19,0.1152900
Máximo,19,0.1378700
Máximo,19,0.1124000
Máximo,19,0.1378900
Máximo,19,0.1198200
Máximo,19,0.1445100
Máximo,19,0.1238100
Máximo,19,0.1297200
Máximo,19,0.1097000
Máximo,19,0.1535000
Máximo,19,0.1139900
Máximo,19,0.1500000
Máximo,19,0.1224900
Máximo,19,0.1306000
Máximo,19,0.1108500
Máximo,19,0.1289500
Máximo,19,0.1236100
Máximo,19,0.1424600
Máximo,19,0.1094200
Máximo,19,0.1273200
Máximo,19,0.1092700
Máximo,19,0.1418000
Máximo,19,0.1143200
Máximo,19,0.1338200
Máximo,19,0.1083200
Máximo,19,0.1327500
Máximo,19,0.1120700
Máximo,19,0.1543100
Máximo,19,0.1115200
Máximo,19,0.1325200
Máximo,19,0.1120900
Máximo,19,0.1286200
Máximo,19,0.1203800
Máximo,19,0.1424900
Máximo,19,0.1093100
Máximo,19,0.1324500
Máximo,19,0.1100900
Máximo,19,0.1317000
Máximo,19,0.1500200
Máximo,19,0.1301800
Máximo,19,0.1117700
Máximo,19,0.1292600
Máximo,19,0.1094300
Máximo,19,0.1380300
Máximo,19,0.1152800
Máximo,19,0.1300500
Máximo,19,0.1113000
Máximo,19,0.1315800
Máximo,19,0.1234500
Máximo,19,0.1525200
Máximo,19,0.1128400
Máximo,19,0.1386000
Máximo,19,0.1125300
Máximo,19,0.1291500
Máximo,19,0.1169100
Máximo,19,0.1431000
Máximo,19,0.1135400
Máximo,19,0.1275100
Máximo,19,0.1073400
Máximo,19,0.1405800
Máximo,19,0.1198800
Máximo,19,0.1346300
Máximo,19,0.1124500
Máximo,19,0.1263500
Máximo,19,0.1095600
Máximo,19,0.1561200
Máximo,19,0.1278200
Máximo,19,0.1464100
Máximo,19,0.1124100
Máximo,19,0.1357000
Máximo,19,0.1265500
Máximo,19,0.1376700
Máximo,19,0.1158800
Máximo,19,0.1292300
Máximo,19,0.1117300
Máximo,19,0.1360600
Máximo,19,0.1166800
Máximo,19,0.1312200
Máximo,19,0.1093700
Máximo,19,0.1293800
Máximo,19,0.1094900
Máximo,19,0.1295800
Máximo,19,0.1100100
Máximo,20,0.1302800
Máximo,20,0.1123700
Máximo,20,0.1290300
Máximo,20,0.1140900
Máximo,20,0.1375900
Máximo,20,0.1150300
Máximo,20,0.1419100
Máximo,20,0.1181500
Máximo,20,0.1277300
Máximo,20,0.1125900
Máximo,20,0.1325300
Máximo,20,0.1093500
Máximo,20,0.1484800
Máximo,20,0.1147500
Máximo,20,0.1426800
Máximo,20,0.1168300
Máximo,20,0.1320300
Máximo,20,0.1180300
Máximo,20,0.1331000
Máximo,20,0.1138200
Máximo,20,0.1314900
Máximo,20,0.1130200
Máximo,20,0.1311100
Máximo,20,0.1150800
Máximo,20,0.1335300
Máximo,20,0.1300100
Máximo,20,0.1354700
Máximo,20,0.1225200
Máximo,20,0.1361700
Máximo,20,0.1170300
Máximo,20,0.1354900
Máximo,20,0.1149300
Máximo,20,0.1396400
Máximo,20,0.1127000
Máximo,20,0.1264300
Máximo,20,0.1136700
Máximo,20,0.1313800
Máximo,20,0.1142000
Máximo,20,0.1370600
Máximo,20,0.1174300
Máximo,20,0.1425900
Máximo,20,0.1147100
Máximo,20,0.1313200
Máximo,20,0.1131500
Máximo,20,0.1288200
Máximo,20,0.1133800
Máximo,20,0.1317600
Máximo,20,0.1165600
Máximo,20,0.1484600
Máximo,20,0.1145500
Máximo,20,0.1429400
Máximo,20,0.1143900
Máximo,20,0.1412500
Máximo,20,0.1253700
Máximo,20,0.1360900
Máximo,20,0.1119800
Máximo,20,0.1294100
Máximo,20,0.1095300
Máximo,20,0.1461200
Máximo,20,0.1206300
Máximo,20,0.1485600
Máximo,20,0.1136600
Máximo,20,0.1340300
Máximo,20,0.1257600
Máximo,20,0.1395500
Máximo,20,0.1182200
Máximo,20,0.1406200
Máximo,20,0.1145500
Máximo,20,0.1499600
Máximo,20,0.1363600
Máximo,20,0.1368300
Máximo,20,0.1139600
Máximo,20,0.1621400
Máximo,20,0.1259100
Máximo,20,0.1354200
Máximo,20,0.1181500
Máximo,20,0.1312800
Máximo,20,0.1136700
Máximo,20,0.1329400
Máximo,20,0.1692400
Máximo,20,0.1456800
Máximo,20,0.1183600
Máximo,20,0.1358200
Máximo,20,0.1211700
Máximo,20,0.1416200
Máximo,20,0.1115900
Máximo,20,0.1585500
Máximo,20,0.1194600
Máximo,20,0.1531900
Máximo,20,0.1262500
Máximo,20,0.1411700
Máximo,20,0.1192300
Máximo,20,0.1296100
Máximo,20,0.1169900
Máximo,20,0.1344000
Máximo,20,0.1302300
Máximo,20,0.1438500
Máximo,20,0.1217900
Máximo,20,0.1339600
Máximo,20,0.1152700
Máximo,21,0.1638100
Máximo,21,0.1361100
Máximo,21,0.1185800
Máximo,21,0.1350400
Máximo,21,0.1961000
Máximo,21,0.1457700
Máximo,21,0.1152700
Máximo,21,0.1386700
Máximo,21,0.1155500
Máximo,21,0.1342400
Máximo,21,0.1295000
Máximo,21,0.1374500
Máximo,21,0.1161000
Máximo,21,0.1341800
Máximo,21,0.1230400
Máximo,21,0.1533300
Máximo,21,0.1171400
Máximo,21,0.1373500
Máximo,21,0.1155000
Máximo,21,0.1324800
Máximo,21,0.1145700
Máximo,21,0.1344200
Máximo,21,0.1163500
Máximo,21,0.1372500
Máximo,21,0.1194800
Máximo,21,0.1350900
Máximo,21,0.1158600
Máximo,21,0.1393400
Máximo,21,0.1283100
Máximo,21,0.1570600
Máximo,21,0.1199900
Máximo,21,0.1412100
Máximo,21,0.1194300
Máximo,21,0.1355200
Máximo,21,0.1388100
Máximo,21,0.1361900
Máximo,21,0.1199600
Máximo,21,0.1386000
Máximo,21,0.1423700
Máximo,21,0.1384500
Máximo,21,0.1206300
Máximo,21,0.1387600
Máximo,21,0.1165400
Máximo,21,0.1312700
Máximo,21,0.1167500
Máximo,21,0.1479700
Máximo,21,0.1167700
Máximo,21,0.1352700
Máximo,21,0.1169200
Máximo,21,0.1423600
Máximo,21,0.1154500
Máximo,21,0.1372600
Máximo,21,0.1281000
Máximo,21,0.1320500
Máximo,21,0.1138300
Máximo,21,0.1429400
Máximo,21,0.1209400
Máximo,21,0.1359000
Máximo,21,0.1228900
Máximo,21,0.1415200
Máximo,21,0.1163900
Máximo,21,0.1409500
Máximo,21,0.1222500
Máximo,21,0.1341400
Máximo,21,0.1163200
Máximo,21,0.1392700
Máximo,21,0.1178100
Máximo,21,0.1522400
Máximo,21,0.1166900
Máximo,21,0.1340000
Máximo,21,0.1161700
Máximo,21,0.1382600
Máximo,21,0.1250500
Máximo,21,0.1321600
Máximo,21,0.1184100
Máximo,21,0.1366200
Máximo,21,0.1219900
Máximo,21,0.1382700
Máximo,21,0.1197300
Máximo,21,0.1359200
Máximo,21,0.1253400
Máximo,21,0.1358700
Máximo,21,0.1277100
Máximo,21,0.1443700
Máximo,21,0.1179200
Máximo,21,0.1396000
Máximo,21,0.1208300
Máximo,21,0.1346700
Máximo,21,0.1277400
Máximo,21,0.1382900
Máximo,21,0.1204100
Máximo,21,0.1362600
Máximo,21,0.1223000
Máximo,21,0.1380100
Máximo,21,0.1207500
Máximo,21,0.1402800
Máximo,21,0.1168500
Máximo,21,0.1412600
Máximo,21,0.1225300
Máximo,21,0.1420400
Máximo,22,0.1384800
Máximo,22,0.1355300
Máximo,22,0.1206800
Máximo,22,0.1417500
Máximo,22,0.1234200
Máximo,22,0.1380500
Máximo,22,0.1197500
Máximo,22,0.1467800
Máximo,22,0.1203900
Máximo,22,0.1375900
Máximo,22,0.1244700
Máximo,22,0.1407700
Máximo,22,0.1182900
Máximo,22,0.1359500
Máximo,22,0.1396600
Máximo,22,0.1483600
Máximo,22,0.1202100
Máximo,22,0.1396300
Máximo,22,0.1225600
Máximo,22,0.1389900
Máximo,22,0.1576900
Máximo,22,0.1514000
Máximo,22,0.1214500
Máximo,22,0.1366900
Máximo,22,0.1255800
Máximo,22,0.1399600
Máximo,22,0.1436200
Máximo,22,0.1416500
Máximo,22,0.1226400
Máximo,22,0.1377700
Máximo,22,0.1303500
Máximo,22,0.1503200
Máximo,22,0.1210200
Máximo,22,0.1402900
Máximo,22,0.1167600
Máximo,22,0.1397200
Máximo,22,0.1361500
Máximo,22,0.1438600
Máximo,22,0.1210900
Máximo,22,0.1386900
Máximo,22,0.1380800
Máximo,22,0.1451800
Máximo,22,0.1247000
Máximo,22,0.1402800
Máximo,22,0.1192900
Máximo,22,0.1404300
Máximo,22,0.1323100
Máximo,22,0.1519300
Máximo,22,0.1207700
Máximo,22,0.1384800
Máximo,22,0.1221700
Máximo,22,0.1423400
Máximo,22,0.1334100
Máximo,22,0.1405600
Máximo,22,0.1217700
Máximo,22,0.1380900
Máximo,22,0.1221600
Máximo,22,0.1387500
Máximo,22,0.1235300
Máximo,22,0.1568200
Máximo,22,0.1208200
Máximo,22,0.1379100
Máximo,22,0.1312700
Máximo,22,0.1437700
Máximo,22,0.1208700
Máximo,22,0.1408800
Máximo,22,0.1233100
Máximo,22,0.1463400
Máximo,22,0.1303500
Máximo,22,0.1398800
Máximo,22,0.1183800
Máximo,22,0.1417700
Máximo,22,0.1253800
Máximo,22,0.1399900
Máximo,22,0.1185300
Máximo,22,0.1464500
Máximo,22,0.1225500
Máximo,22,0.1394700
Máximo,22,0.1315300
Máximo,22,0.1381300
Máximo,22,0.1206300
Máximo,22,0.1376200
Máximo,22,0.1171900
Máximo,22,0.1394200
Máximo,22,0.1185000
Máximo,22,0.1529600
Máximo,22,0.1275700
Máximo,22,0.1638600
Máximo,22,0.1261900
Máximo,22,0.1567600
Máximo,22,0.1246200
Máximo,22,0.1616600
Máximo,22,0.1678600
Máximo,22,0.1488200
Máximo,22,0.2373900
Máximo,22,0.1819500
Máximo,22,0.1266800
Máximo,22,0.1424100
Máximo,22,0.1250200
Máximo,22,0.2024000
Máximo,23,0.1316700
Máximo,23,0.1460800
Máximo,23,0.1210100
Máximo,23,0.1766500
Máximo,23,0.1333200
Máximo,23,0.1492600
Máximo,23,0.1283500
Máximo,23,0.1489900
Máximo,23,0.1337300
Máximo,23,0.1466600
Máximo,23,0.1526300
Máximo,23,0.1826200
Máximo,23,0.1602500
Máximo,23,0.1819200
Máximo,23,0.1426500
Máximo,23,0.1536400
Máximo,23,0.1394300
Máximo,23,0.1597100
Máximo,23,0.1464100
Máximo,23,0.1502400
Máximo,23,0.1338300
Máximo,23,0.1582300
Máximo,23,0.1385400
Máximo,23,0.1475300
Máximo,23,0.1399500
Máximo,23,0.1487700
Máximo,23,0.1284500
Máximo,23,0.1709800
Máximo,23,0.1501500
Máximo,23,0.1514400
Máximo,23,0.1328800
Máximo,23,0.1560300
Máximo,23,0.1294100
Máximo,23,0.1578800
Máximo,23,0.1290800
Máximo,23,0.1712600
Máximo,23,0.1355800
Máximo,23,0.1503000
Máximo,23,0.1261300
Máximo,23,0.1650300
Máximo,23,0.1321800
Máximo,23,0.1516400
Máximo,23,0.1374000
Máximo,23,0.1499200
Máximo,23,0.1429000
Máximo,23,0.1924500
Máximo,23,0.1333600
Máximo,23,0.1542700
Máximo,23,0.1338100
Máximo,23,0.1844200
Máximo,23,0.1379900
Máximo,23,0.1572400
Máximo,23,0.1390800
Máximo,23,0.1536900
Máximo,23,0.1305100
Máximo,23,0.1493400
Máximo,23,0.1355100
Máximo,23,0.1805700
Máximo,23,0.1548400
Máximo,23,0.1686500
Máximo,23,0.1370300
Máximo,23,0.1684500
Máximo,23,0.1593000
Máximo,23,0.1493400
Máximo,23,0.1339100
Máximo,23,0.1547600
Máximo,23,0.1448200
Máximo,23,0.1656100
Máximo,23,0.1367900
Máximo,23,0.1509400
Máximo,23,0.1286600
Máximo,23,0.1781600
Máximo,23,0.1370300
Máximo,23,0.1704700
Máximo,23,0.1296500
Máximo,23,0.1723400
Máximo,23,0.1263800
Máximo,23,0.1557500
Máximo,23,0.1264300
Máximo,23,0.1648300
Máximo,23,0.1443700
Máximo,23,0.1544300
Máximo,23,0.1285600
Máximo,23,0.1562500
Máximo,23,0.1236100
Máximo,23,0.1511400
Máximo,23,0.1430500
Máximo,23,0.1600200
Máximo,23,0.1448100
Máximo,23,0.1592100
Máximo,23,0.1319100
Máximo,23,0.1567400
Máximo,23,0.1357400
Máximo,23,0.1492700
Máximo,23,0.1236300
Máximo,23,0.1442400
Máximo,23,0.1259700
Máximo,23,0.1497700
Máximo,23,0.1259600
Máximo,23,0.1516400
Máximo,24,0.1296400
Máximo,24,0.1562100
Máximo,24,0.2185400
Máximo,24,0.1553000
Máximo,24,0.1249700
Máximo,24,0.1449500
Máximo,24,0.1375600
Máximo,24,0.1461300
Máximo,24,0.1334100
Máximo,24,0.1474400
Máximo,24,0.1256600
Máximo,24,0.1419000
Máximo,24,0.1265100
Máximo,24,0.1682100
Máximo,24,0.1272100
Máximo,24,0.1498100
Máximo,24,0.1312400
Máximo,24,0.1458700
Máximo,24,0.1267100
Máximo,24,0.1489600
Máximo,24,0.1259100
Máximo,24,0.1487900
Máximo,24,0.1473100
Máximo,24,0.1544600
Máximo,24,0.1268000
Máximo,24,0.1569300
Máximo,24,0.1545500
Máximo,24,0.1847900
Máximo,24,0.1336200
Máximo,24,0.1533300
Máximo,24,0.1352200
Máximo,24,0.1608700
Máximo,24,0.1771900
Máximo,24,0.1653400
Máximo,24,0.1269700
Máximo,24,0.2678500
Máximo,24,0.1671500
Máximo,24,0.1549800
Máximo,24,0.1293000
Máximo,24,0.1813200
Máximo,24,0.1535700
Máximo,24,0.1485400
Máximo,24,0.1340300
Máximo,24,0.1666700
Máximo,24,0.1672300
Máximo,24,0.1667100
Máximo,24,0.1334000
Máximo,24,0.1497000
Máximo,24,0.1303000
Máximo,24,0.1488400
Máximo,24,0.1283000
Máximo,24,0.1488500
Máximo,24,0.1263000
Máximo,24,0.1482800
Máximo,24,0.1337000
Máximo,24,0.1534100
Máximo,24,0.1304000
Máximo,24,0.1520900
Máximo,24,0.1280200
Máximo,24,0.1720800
Máximo,24,0.1307000
Máximo,24,0.1483900
Máximo,24,0.1308700
Máximo,24,0.1497900
Máximo,24,0.1274700
Máximo,24,0.1530500
Máximo,24,0.1259200
Máximo,24,0.1502600
Máximo,24,0.1248600
Máximo,24,0.1473500
Máximo,24,0.1288100
Máximo,24,0.1519400
Máximo,24,0.1233100
Máximo,24,0.1450700
Máximo,24,0.1269500
Máximo,24,0.1617400
Máximo,24,0.1248000
Máximo,24,0.1523300
Máximo,24,0.1268000
Máximo,24,0.1480600
Máximo,24,0.1304200
Máximo,24,0.1533000
Máximo,24,0.1285700
Máximo,24,0.1504000
Máximo,24,0.1447600
Máximo,24,0.1500600
Máximo,24,0.1271000
Máximo,24,0.1508300
Máximo,24,0.1306200
Máximo,24,0.1484900
Máximo,24,0.1375500
Máximo,24,0.1497400
Máximo,24,0.1320300
Máximo,24,0.1610200
Máximo,24,0.1273400
Máximo,24,0.1472600
Máximo,24,0.1270500
Máximo,24,0.1450100
Máximo,24,0.1260200
Máximo,24,0.1547600
Máximo,25,0.1279900
Máximo,25,0.1570500
Máximo,25,0.1539800
Máximo,25,0.1511100
Máximo,25,0.1501200
Máximo,25,0.1492000
Máximo,25,0.1517500
Máximo,25,0.1643900
Máximo,25,0.1525400
Máximo,25,0.1494800
Máximo,25,0.1487600
Máximo,25,0.1723400
Máximo,25,0.1510900
Máximo,25,0.1494200
Máximo,25,0.1488600
Máximo,25,0.1531700
Máximo,25,0.1537400
Máximo,25,0.1583100
Máximo,25,0.1503700
Máximo,25,0.1494700
Máximo,25,0.1576900
Máximo,25,0.1556900
Máximo,25,0.1545000
Máximo,25,0.1518000
Máximo,25,0.1487700
Máximo,25,0.1489600
Máximo,25,0.1538500
Máximo,25,0.4901000
Máximo,25,0.1532600
Máximo,25,0.1519200
Máximo,25,0.1546700
Máximo,25,0.1521300
Máximo,25,0.1494700
Máximo,25,0.1496100
Máximo,25,0.1650200
Máximo,25,0.1490300
Máximo,25,0.1501800
Máximo,25,0.1595100
Máximo,25,0.1639600
Máximo,25,0.1585700
Máximo,25,0.1628400
Máximo,25,0.1531200
Máximo,25,0.1492700
Máximo,25,0.1485100
Máximo,25,0.1474900
Máximo,25,0.1563900
Máximo,25,0.1475500
Máximo,25,0.1505500
Máximo,25,0.1517000
Máximo,25,0.1507900
Máximo,25,0.1572800
Máximo,25,0.1525600
Máximo,25,0.1563300
Máximo,25,0.1493500
Máximo,25,0.1459200
Máximo,25,0.1560400
Máximo,25,0.1508300
Máximo,25,0.1501700
Máximo,25,0.1522100
Máximo,25,0.1728100
Máximo,25,0.1685700
Máximo,25,0.1990300
Máximo,25,0.2101900
Máximo,25,0.1781100
Máximo,25,0.2938200
Máximo,25,0.2357200
Máximo,25,0.1766000
Máximo,25,0.1774900
Máximo,25,0.2170800
Máximo,25,0.1730100
Máximo,25,0.2030600
Máximo,25,0.2628800
Máximo,25,0.1827700
Máximo,25,0.1785700
Máximo,25,0.1704100
Máximo,25,0.1742500
Máximo,25,0.1537900
Máximo,25,0.1553200
Máximo,25,0.1573400
Máximo,25,0.1531600
Máximo,25,0.1788100
Máximo,25,0.1613200
Máximo,25,0.1546100
Máximo,25,0.1638100
Máximo,25,0.1528800
Máximo,25,0.1610100
Máximo,25,0.1758700
Máximo,25,0.1979300
Máximo,25,0.1629900
Máximo,25,0.1729500
Máximo,25,0.1872900
Máximo,25,0.1616400
Máximo,25,0.1531400
Máximo,25,0.1557600
Máximo,25,0.2957700
Máximo,25,0.1575600
Máximo,25,0.1537800
Máximo,25,0.1499800
Máximo,25,0.1923300
Máximo,25,0.1772900
Máximo,26,0.1613000
Máximo,26,0.1605000
Máximo,26,0.1852200
Máximo,26,0.1563000
Máximo,26,0.1679300
Máximo,26,0.2107200
Máximo,26,0.1634500
Máximo,26,0.2278200
Máximo,26,0.1949100
Máximo,26,0.1748400
Máximo,26,0.1623400
Máximo,26,0.1649600
Máximo,26,0.1808600
Máximo,26,0.1575300
Máximo,26,0.1657800
Máximo,26,0.1737000
Máximo,26,0.1611700
Máximo,26,0.1541600
Máximo,26,0.1684600
Máximo,26,0.1528400
Máximo,26,0.1572400
Máximo,26,0.1667800
Máximo,26,0.1556300
Máximo,26,0.1624100
Máximo,26,0.1570000
Máximo,26,0.1527000
Máximo,26,0.1532400
Máximo,26,0.1556700
Máximo,26,0.1584300
Máximo,26,0.1616600
Máximo,26,0.1862500
Máximo,26,0.1600500
Máximo,26,0.1783100
Máximo,26,0.1676700
Máximo,26,0.1946500
Máximo,26,0.1858400
Máximo,26,0.1622000
Máximo,26,0.2759800
Máximo,26,0.2176400
Máximo,26,0.1636000
Máximo,26,0.1705000
Máximo,26,0.2882100
Máximo,26,0.1754500
Máximo,26,0.1628600
Máximo,26,0.1625000
Máximo,26,0.2022300
Máximo,26,0.1590600
Máximo,26,0.1593200
Máximo,26,0.1673600
Máximo,26,0.1545000
Máximo,26,0.1555600
Máximo,26,0.1692200
Máximo,26,0.1555800
Máximo,26,0.1665900
Máximo,26,0.1723400
Máximo,26,0.1615000
Máximo,26,0.1538200
Máximo,26,0.1551800
Máximo,26,0.1550900
Máximo,26,0.1607200
Máximo,26,0.1564900
Máximo,26,0.1537300
Máximo,26,0.1577100
Máximo,26,0.1620600
Máximo,26,0.1600100
Máximo,26,0.1617300
Máximo,26,0.2479000
Máximo,26,0.1521600
Máximo,26,0.1593300
Máximo,26,0.1544400
Máximo,26,0.1527600
Máximo,26,0.1554700
Máximo,26,0.1538100
Máximo,26,0.1762700
Máximo,26,0.1758200
Máximo,26,0.1604900
Máximo,26,0.1628700
Máximo,26,0.1765100
Máximo,26,0.1809200
Máximo,26,0.2047500
Máximo,26,0.1728600
Máximo,26,0.1608600
Máximo,26,0.1716100
Máximo,26,0.1668200
Máximo,26,0.1596400
Máximo,26,0.1997800
Máximo,26,0.1556500
Máximo,26,0.1822700
Máximo,26,0.1738700
Máximo,26,0.1686600
Máximo,26,0.1744600
Máximo,26,0.1600800
Máximo,26,0.1658600
Máximo,26,0.1874700
Máximo,26,0.1609600
Máximo,26,0.1560900
Máximo,26,0.1661600
Máximo,26,0.1561500
Máximo,26,0.1533500
Máximo,26,0.1552900
